sqft,bedrooms,bathrooms,age,neighborhood,sale_price
2098,4,3.0,68,Suburbs,432354
1717,2,1.0,59,Downtown,532208
2188,4,2.7,59,Downtown,715540
2713,4,2.9,35,Rural,362263
1659,2,1.5,63,Downtown,477538
1659,3,2.9,40,Rural,254718
2747,4,2.9,54,Suburbs,575168
2260,4,2.5,25,Downtown,787681
1518,3,2.1,32,Rural,192916
2125,3,1.6,58,Downtown,624646
1521,2,1.4,43,Rural,202646
1520,3,1.9,34,Rural,199504
1945,4,3.1,69,Rural,232124
652,1,1.0,48,Suburbs,132269
765,1,1.0,55,Downtown,249206
1462,2,1.2,50,Suburbs,289316
1192,1,1.2,9,Rural,165180
1988,4,2.7,66,Rural,251698
1255,3,2.6,22,Suburbs,298975
952,2,1.6,14,Suburbs,231972
2679,5,3.6,37,Downtown,928976
1664,2,1.5,72,Rural,170379
1840,3,2.2,5,Suburbs,472484
945,2,1.0,20,Rural,160768
1473,3,2.0,74,Rural,192420
1866,4,3.1,5,Downtown,766115
1109,2,1.4,30,Downtown,398592
2025,4,2.4,28,Downtown,725931
1439,3,2.1,49,Suburbs,317945
1624,3,2.6,61,Rural,257418
1438,3,2.5,21,Suburbs,408314
2911,5,3.5,4,Suburbs,691255
1791,2,1.7,29,Downtown,595928
1165,2,1.3,44,Rural,178161
2293,3,1.6,16,Rural,292710
1067,1,1.0,46,Downtown,316423
1925,4,3.3,58,Rural,274079
624,2,1.3,61,Downtown,219474
1003,1,1.0,39,Suburbs,220137
1918,3,2.0,17,Suburbs,430886
2243,4,3.4,51,Downtown,723080
1902,3,2.6,12,Suburbs,466133
1730,3,2.8,50,Suburbs,409825
1619,3,2.1,16,Downtown,593271
912,2,1.5,43,Suburbs,248350
1368,2,1.0,57,Rural,145678
1523,2,1.8,38,Suburbs,315895
2434,5,3.1,49,Downtown,822910
2006,3,2.2,66,Rural,237884
742,1,1.0,11,Rural,133815
1994,3,1.9,3,Suburbs,459515
1568,2,1.1,55,Rural,209885
1393,2,1.2,21,Downtown,523822
2167,3,1.9,45,Rural,265893
2418,4,2.6,22,Suburbs,579150
2358,4,3.1,12,Suburbs,543015
1296,2,1.1,64,Rural,170386
1614,2,1.5,44,Downtown,531782
1998,3,2.5,26,Downtown,707784
2385,3,1.9,56,Suburbs,482295
1512,2,1.2,63,Suburbs,236669
1688,2,1.3,60,Downtown,484591
1136,1,1.1,44,Rural,124995
1082,1,1.0,32,Rural,119405
2287,4,2.6,38,Rural,301757
2613,4,2.9,46,Rural,321875
1756,2,1.1,49,Downtown,512140
2402,4,3.0,73,Suburbs,479172
2016,3,2.2,60,Suburbs,405044
1412,3,2.0,71,Rural,196327
2016,4,2.5,25,Downtown,705324
2722,5,3.2,37,Downtown,912487
1778,3,2.3,52,Rural,217654
2738,5,3.9,16,Rural,388576
400,1,1.0,47,Rural,68869
2293,4,2.9,9,Suburbs,491653
1852,4,2.2,67,Rural,252078
1620,3,1.9,46,Suburbs,389670
1855,4,2.8,64,Downtown,596726
607,2,1.1,57,Downtown,195530
1668,3,1.8,20,Suburbs,388061
2014,4,2.6,25,Suburbs,465262
2686,5,3.6,61,Suburbs,593230
1489,3,2.0,1,Suburbs,352222
1314,3,1.4,66,Rural,138614
1498,2,1.0,64,Downtown,463768
2349,4,2.6,12,Rural,304303
1997,3,2.2,8,Suburbs,500070
1482,3,1.3,22,Rural,213264
2107,4,2.7,36,Rural,247282
1858,3,1.9,19,Downtown,662318
2381,4,3.2,47,Rural,306782
1378,2,1.3,36,Downtown,448489
1603,2,1.5,50,Suburbs,336691
1564,2,1.4,54,Rural,195403
921,2,1.0,65,Suburbs,201260
1977,4,3.0,32,Downtown,733417
1956,4,2.9,60,Suburbs,444016
1803,3,2.3,27,Suburbs,394041
1659,2,2.6,54,Downtown,525650
950,2,1.0,15,Suburbs,307996
1547,3,2.6,25,Suburbs,399274
1594,3,2.0,52,Suburbs,398726
1318,3,2.2,62,Rural,200319
1703,3,2.1,6,Suburbs,429357
2042,3,2.0,71,Downtown,617492
2931,4,2.6,3,Rural,387242
1904,3,2.2,66,Rural,194485
1954,4,2.3,40,Downtown,671593
1755,2,1.6,54,Suburbs,379681
648,1,1.0,17,Rural,92949
1784,2,1.1,57,Rural,211269
1836,3,2.0,3,Rural,279104
3277,5,3.9,32,Suburbs,711888
1684,3,1.9,69,Rural,192724
1980,3,2.2,8,Downtown,688184
1779,3,1.9,63,Suburbs,352712
1098,2,1.6,63,Downtown,320702
2485,5,3.7,9,Downtown,904267
2251,4,3.4,73,Rural,309136
2274,4,2.7,60,Rural,266114
1254,2,1.6,52,Rural,160367
2641,4,2.8,46,Downtown,843760
958,2,1.8,68,Suburbs,228104
2152,4,2.6,47,Rural,305807
3114,6,4.0,61,Rural,416715
1205,2,1.3,31,Downtown,427094
1460,3,2.1,45,Suburbs,333157
1859,3,2.1,43,Downtown,590537
1497,3,2.2,5,Rural,267383
869,1,1.0,69,Downtown,223382
1841,4,2.9,48,Rural,263778
1162,1,1.2,51,Suburbs,255346
2084,4,3.1,41,Downtown,713848
1248,2,1.7,35,Rural,190342
2729,4,2.7,28,Rural,367205
1330,2,1.1,51,Rural,195494
1606,2,1.7,10,Rural,213199
2288,3,2.4,57,Downtown,684609
1061,1,1.1,31,Rural,128465
1936,3,1.9,18,Downtown,675917
2584,5,3.4,47,Rural,341414
835,2,1.0,4,Downtown,354559
1910,4,2.7,52,Downtown,611909
1955,4,3.1,41,Rural,278321
2269,4,2.7,64,Rural,320649
1057,1,1.0,40,Rural,140454
1007,1,1.0,33,Rural,142921
2113,3,2.2,47,Suburbs,462359
1978,3,1.8,51,Rural,250412
1950,3,2.1,67,Rural,250783
2007,4,1.9,22,Rural,282126
1391,3,2.0,3,Downtown,551724
1939,4,2.3,71,Rural,222959
1975,4,3.2,70,Downtown,644815
1371,2,1.6,26,Downtown,487155
2919,4,2.9,45,Downtown,924408
2084,3,2.6,3,Downtown,761159
1085,2,1.1,12,Suburbs,286530
2193,3,2.6,28,Rural,304727
1215,3,2.4,49,Downtown,469630
2272,3,2.0,18,Rural,297923
2495,4,3.1,38,Downtown,811200
1307,3,1.8,68,Suburbs,272698
2378,3,1.9,35,Downtown,758795
2047,3,1.9,36,Rural,223832
2293,4,2.6,13,Rural,344291
2938,4,2.5,22,Suburbs,645592
1652,3,2.5,71,Rural,211117
1347,2,1.3,50,Rural,192807
1266,2,1.5,68,Downtown,366319
1310,2,1.2,47,Rural,174142
1753,2,1.0,6,Downtown,596468
2004,3,2.2,8,Suburbs,472814
1966,3,1.5,55,Rural,219981
2296,3,2.1,64,Downtown,725708
1807,3,1.7,8,Rural,245211
2672,5,4.0,68,Downtown,892132
1641,3,2.4,52,Suburbs,329189
3432,5,3.5,14,Downtown,1178938
2175,3,2.5,4,Rural,322137
1285,3,1.8,41,Downtown,461807
1157,1,1.0,56,Rural,126103
2089,3,2.2,17,Suburbs,488990
1665,3,2.2,66,Downtown,572921
2228,3,2.5,27,Rural,255912
2083,3,2.3,34,Rural,285400
1756,3,2.2,27,Rural,221877
1291,2,1.0,30,Downtown,436693
891,1,1.0,50,Downtown,271717
1532,3,2.1,50,Downtown,508309
2313,3,2.1,56,Suburbs,473558
1928,4,2.5,36,Rural,240464
1052,1,1.4,48,Rural,150098
1903,3,2.6,1,Suburbs,438257
2031,4,3.0,12,Suburbs,516142
1269,3,2.1,7,Downtown,515387
1892,3,2.0,56,Downtown,574494
1834,4,2.5,47,Downtown,637493
1114,2,1.4,42,Downtown,349851
2014,3,2.2,65,Downtown,620673
2136,3,1.7,45,Downtown,643911
2449,4,2.9,53,Suburbs,538875
2432,5,3.5,72,Suburbs,511649
973,2,1.0,27,Suburbs,230371
1237,3,1.8,73,Rural,158520
2109,4,2.7,21,Rural,278099
2108,3,2.7,69,Downtown,649809
2109,4,3.0,35,Suburbs,462394
4111,6,3.8,73,Rural,503203
2142,4,2.9,2,Rural,346985
2481,4,2.3,73,Suburbs,557377
2372,3,2.4,1,Rural,323857
2190,3,2.0,20,Rural,302533
1610,3,2.1,3,Suburbs,376253
2255,3,2.5,15,Rural,331950
1336,2,1.0,69,Suburbs,270181
1657,3,1.7,56,Rural,195909
1508,2,1.2,48,Suburbs,336951
1849,4,3.1,74,Rural,231036
3188,6,3.7,42,Rural,407322
679,1,1.0,35,Suburbs,174264
2211,3,2.0,43,Rural,252331
832,2,1.6,6,Suburbs,270024
1516,2,1.8,58,Suburbs,291890
2453,5,3.4,67,Rural,292660
1838,4,2.7,18,Downtown,671192
1153,2,1.7,33,Rural,176460
1370,2,1.0,66,Downtown,383787
2207,4,2.7,40,Downtown,721165
1361,2,1.5,4,Rural,187497
1929,3,2.2,22,Downtown,670636
1827,3,1.9,21,Suburbs,401798
1409,2,1.4,50,Suburbs,273139
3086,6,3.5,8,Downtown,1139187
2180,3,1.9,13,Suburbs,478749
584,1,1.0,20,Rural,90007
1911,4,2.5,29,Suburbs,448861
1402,2,1.4,51,Downtown,432527
2311,4,2.9,29,Rural,323305
1324,3,2.0,53,Suburbs,322203
1731,2,1.5,64,Rural,191083
2102,4,2.5,27,Downtown,712881
2319,4,2.7,67,Suburbs,512893
1079,2,1.6,36,Rural,148855
1599,3,2.1,40,Rural,249085
1515,2,1.2,26,Suburbs,293463
1408,3,2.2,29,Rural,207335
2859,5,3.7,37,Rural,416333
2042,4,2.2,67,Downtown,638384
1043,2,1.7,21,Downtown,402025
2350,3,2.0,38,Downtown,754267
3073,6,4.0,35,Downtown,1049703
2419,4,3.2,41,Downtown,808932
888,2,1.0,58,Downtown,277130
1509,2,1.2,42,Suburbs,306617
2560,4,2.7,28,Downtown,885195
1375,2,1.2,23,Rural,194429
2066,3,2.6,66,Suburbs,433307
2264,3,1.8,42,Rural,293716
1243,3,1.9,15,Downtown,490805
1764,3,2.2,54,Downtown,557854
400,1,1.0,17,Rural,67642
1185,1,1.0,6,Rural,166760
1648,3,2.2,65,Rural,182709
1051,1,1.0,69,Suburbs,180666
2779,4,2.8,62,Downtown,852093
941,2,1.2,10,Rural,192345
1535,3,1.6,55,Downtown,440362
1878,3,2.2,18,Rural,254899
2664,4,3.3,29,Downtown,936927
938,2,1.4,67,Suburbs,197352
2497,5,3.6,65,Downtown,842069
1806,4,3.0,2,Rural,280589
1211,3,1.7,8,Downtown,480769
2077,3,2.6,64,Suburbs,387645
1919,4,2.9,63,Suburbs,430070
1439,3,2.6,65,Downtown,465143
1841,4,2.6,50,Rural,230094
1568,2,1.9,26,Suburbs,350353
1868,3,2.3,26,Suburbs,468908
2197,3,2.3,64,Downtown,720046
2751,4,2.9,13,Suburbs,632104
1057,2,1.3,39,Suburbs,236416
3079,5,3.9,36,Rural,379567
628,2,1.4,22,Rural,121558
1708,3,1.5,19,Rural,268929
2152,4,2.5,74,Downtown,665343
1968,4,2.7,19,Suburbs,433495
1426,2,1.5,71,Downtown,428976
1675,2,1.4,45,Suburbs,367880
1504,2,1.8,63,Suburbs,273393
1446,3,1.5,40,Suburbs,333800
2309,4,2.8,23,Rural,322670
2014,4,2.3,44,Downtown,678506
1384,3,2.3,7,Downtown,541404
2339,4,2.8,23,Suburbs,563216
1984,3,2.2,68,Downtown,598775
2287,4,2.5,53,Rural,258604
2177,3,2.5,19,Downtown,708220
1302,3,2.4,17,Suburbs,372889
1463,3,2.3,11,Rural,234453
2248,3,2.1,63,Rural,266824
2166,3,2.3,68,Suburbs,429197
1787,3,1.9,20,Downtown,618846
1870,4,3.1,13,Suburbs,456514
2566,5,4.0,2,Downtown,954833
1445,3,2.4,20,Downtown,511158
2128,3,1.9,39,Rural,252011
1678,3,2.2,51,Suburbs,364532
1669,2,1.0,31,Rural,219825
2459,5,3.7,58,Suburbs,553593
2295,3,2.2,73,Suburbs,468851
2288,3,1.5,62,Rural,290445
2583,5,3.2,44,Suburbs,604095
1812,3,2.0,47,Suburbs,404422
2209,4,2.7,15,Downtown,791481
1613,2,1.0,48,Suburbs,307272
1994,4,2.9,60,Suburbs,457241
1721,2,1.5,42,Rural,244489
1858,4,2.7,55,Rural,252324
2157,4,2.6,33,Suburbs,534459
1309,2,1.7,63,Downtown,373525
3055,5,4.0,2,Downtown,1067964
1196,1,1.0,52,Rural,154357
1071,1,1.0,3,Suburbs,274704
2494,5,3.6,61,Suburbs,581642
2274,3,2.0,50,Downtown,707764
2174,4,2.8,44,Downtown,717937
2177,3,2.3,21,Downtown,735917
1792,3,1.5,70,Rural,177200
1261,3,2.5,62,Suburbs,268474
1845,4,2.8,47,Rural,270010
1393,3,2.0,32,Suburbs,356680
2385,3,2.1,28,Rural,309474
1711,2,1.4,4,Suburbs,366865
1304,3,1.6,37,Downtown,459089
1607,2,1.8,8,Downtown,554090
2047,3,2.1,13,Downtown,738265
1461,3,2.2,36,Rural,192554
1306,2,1.7,38,Downtown,424445
1946,3,1.8,67,Suburbs,392456
1946,3,2.2,23,Rural,249320
1495,3,2.0,42,Suburbs,375270
1517,2,1.7,33,Rural,183522
1939,4,2.2,48,Suburbs,405921
931,1,1.0,67,Suburbs,128981
955,1,1.0,52,Rural,112189
1368,2,1.5,11,Rural,184443
1671,3,2.2,55,Downtown,518946
1986,4,2.6,59,Downtown,678982
2685,4,2.6,58,Suburbs,572852
2314,4,2.8,56,Suburbs,500335
1704,2,1.1,67,Suburbs,350008
1788,3,2.4,37,Rural,252087
1198,2,1.3,37,Rural,142533
1788,2,1.0,22,Downtown,559696
1626,2,1.3,44,Suburbs,355463
1993,3,1.8,31,Downtown,669655
1303,2,1.0,15,Rural,184541
2111,4,2.4,58,Rural,249128
2719,5,3.5,2,Rural,397122
1734,3,2.5,36,Downtown,589398
2041,3,2.2,33,Rural,262979
2214,3,1.9,27,Suburbs,514809
1559,3,2.2,63,Downtown,491222
1934,3,2.0,57,Rural,204682
1807,4,2.6,69,Downtown,570331
1858,4,2.5,32,Downtown,685162
1336,3,1.6,40,Rural,187618
1814,4,2.7,21,Rural,261100
2098,4,2.8,13,Downtown,758374
2670,4,2.8,6,Downtown,939496
2375,3,2.0,59,Rural,262602
3091,5,3.2,67,Suburbs,651325
1339,3,2.3,44,Downtown,467668
2323,4,2.4,65,Downtown,709502
1910,4,3.0,19,Suburbs,463531
3113,6,3.9,5,Rural,428075
1315,2,1.2,55,Rural,156823
1296,2,1.0,70,Suburbs,251242
1440,3,1.9,52,Rural,114499
525,1,1.0,66,Rural,43711
1484,3,2.3,17,Downtown,558465
1344,2,1.7,16,Downtown,523761
1890,3,2.3,21,Downtown,643741
2005,3,1.8,29,Suburbs,448675
2925,5,3.4,53,Rural,400814
2370,4,2.6,11,Rural,299406
1453,2,1.8,67,Downtown,445566
1260,3,1.7,55,Downtown,410712
2095,3,2.4,24,Suburbs,467503
1007,2,1.7,36,Rural,128445
2898,4,3.3,38,Suburbs,617447
2507,5,3.4,25,Rural,401541
1518,2,1.6,41,Suburbs,345967
772,1,1.4,42,Downtown,292137
2612,4,2.6,44,Suburbs,572624
1731,2,1.0,21,Suburbs,345976
2542,4,2.2,31,Downtown,845331
843,1,1.0,41,Rural,130192
1440,3,1.5,4,Rural,198920
1803,4,2.7,13,Downtown,707997
1828,4,2.9,52,Suburbs,436711
1529,2,1.5,29,Suburbs,379993
2173,3,2.2,19,Suburbs,485009
1159,2,1.5,68,Rural,114559
1714,2,1.8,14,Suburbs,390343
1872,3,1.8,72,Rural,246457
2108,3,1.9,37,Suburbs,419559
2226,3,1.9,41,Downtown,666861
1125,1,1.0,31,Downtown,372058
879,2,1.7,45,Rural,116645
2566,5,3.6,58,Rural,333395
1999,4,3.2,16,Downtown,767186
1350,3,1.7,65,Downtown,422085
2730,5,4.0,57,Suburbs,570700
1869,3,2.6,30,Downtown,693504
2507,4,3.0,16,Rural,320534
1840,3,2.6,13,Downtown,652962
3036,5,3.0,16,Rural,424633
2853,5,3.3,26,Rural,372770
1650,3,1.9,12,Suburbs,403660
2382,4,3.0,43,Suburbs,540867
2187,3,1.8,65,Suburbs,457748
2621,5,3.7,64,Suburbs,569055
1221,2,1.8,5,Downtown,513342
2211,4,3.0,13,Suburbs,492887
2435,5,3.6,28,Downtown,889065
744,1,1.0,41,Suburbs,152457
1090,1,1.0,58,Suburbs,237393
576,1,1.1,21,Rural,98836
1638,3,2.3,35,Downtown,562202
2230,3,2.1,56,Rural,281165
2701,5,3.4,8,Suburbs,665989
1844,4,2.2,22,Downtown,683421
2777,4,2.5,11,Suburbs,606693
971,2,2.0,28,Rural,139651
777,1,1.0,69,Downtown,214578
1766,3,2.2,59,Rural,219056
2030,3,2.4,3,Suburbs,505271
1780,3,1.7,57,Suburbs,332308
559,1,1.0,23,Suburbs,164225
1746,3,2.4,27,Downtown,614474
1017,1,1.0,32,Rural,115607
2201,4,3.7,36,Rural,288643
2019,4,2.3,26,Suburbs,470542
1236,3,2.4,63,Rural,93444
1491,3,2.0,65,Downtown,463952
1164,2,1.6,4,Suburbs,292141
1762,3,2.2,20,Suburbs,431311
2373,4,2.6,74,Suburbs,470846
1208,3,2.2,26,Downtown,471873
2102,4,2.2,39,Suburbs,503407
1481,2,1.6,54,Suburbs,327768
1324,2,1.5,38,Suburbs,314949
1735,3,2.3,51,Suburbs,372488
1178,1,1.0,20,Rural,167614
1467,3,2.2,50,Suburbs,330521
1081,2,1.4,68,Downtown,324010
2978,4,2.5,4,Suburbs,678551
1821,4,2.6,4,Suburbs,458781
1380,3,2.5,51,Rural,218981
1928,3,2.5,64,Suburbs,401576
1732,2,1.3,2,Rural,248846
1667,3,2.1,63,Downtown,559078
2168,3,1.8,40,Rural,289735
2254,3,2.5,12,Suburbs,492625
1481,3,2.3,7,Downtown,591551
1454,2,2.0,18,Suburbs,368378
1634,2,1.1,62,Rural,202406
418,1,1.0,52,Downtown,127733
890,1,1.0,36,Downtown,287420
2620,4,3.0,63,Rural,340538
2786,5,3.4,41,Rural,349578
1650,3,1.8,4,Downtown,612367
2145,4,3.1,44,Downtown,767466
1986,3,2.3,13,Rural,272904
3647,6,3.9,62,Suburbs,760019
2471,5,3.9,44,Downtown,846633
1723,2,1.8,73,Rural,200219
1226,3,2.1,60,Suburbs,253378
836,2,1.4,18,Downtown,344503
1922,4,3.0,41,Downtown,686617
1346,3,1.8,7,Rural,233566
946,1,1.0,46,Suburbs,212027
1412,3,1.5,9,Downtown,525175
1151,2,1.7,59,Suburbs,269994
2812,4,2.3,36,Suburbs,595307
2328,4,3.3,38,Downtown,774670
1795,2,1.3,54,Suburbs,353566
2687,4,2.7,31,Downtown,917612
1846,3,1.9,56,Suburbs,392142
1283,3,2.0,4,Downtown,528133
2713,4,3.2,67,Rural,362347
2123,3,1.4,9,Downtown,693776
1177,1,1.1,34,Downtown,355815
1685,3,2.2,5,Downtown,604326
1274,3,1.7,14,Suburbs,341078
970,2,1.1,49,Rural,129082
2355,4,3.3,4,Suburbs,607187
2945,5,3.2,5,Suburbs,695312
960,2,1.1,46,Downtown,317941
2137,4,3.1,9,Suburbs,529149
1409,2,1.5,56,Downtown,439203
1507,2,1.1,7,Rural,174793
1444,2,1.5,17,Suburbs,395980
1281,2,1.1,5,Suburbs,330296
1829,4,3.1,18,Suburbs,469345
1301,2,1.7,38,Downtown,457096
1962,3,2.3,14,Downtown,710301
1769,2,1.5,45,Suburbs,363644
1656,2,1.9,4,Suburbs,388069
1255,3,2.1,2,Rural,216838
1453,3,1.7,50,Rural,196588
2253,4,2.9,10,Rural,301405
2100,3,2.7,69,Rural,280751
1213,3,1.8,57,Rural,166728
1859,3,2.0,65,Downtown,588601
2250,4,2.9,64,Rural,309287
798,2,1.4,10,Rural,137820
2126,4,2.5,10,Suburbs,521465
1402,3,2.4,23,Downtown,553503
2142,4,3.5,8,Rural,299482
1342,2,1.5,44,Rural,172088
717,2,1.1,58,Rural,96573
823,1,1.0,20,Suburbs,187763
1828,3,2.2,39,Suburbs,456912
1955,3,2.4,49,Suburbs,396709
1257,2,1.5,22,Rural,151085
2183,3,2.1,58,Suburbs,475033
803,2,1.2,50,Rural,123428
1760,3,1.8,73,Downtown,508502
1073,2,1.7,70,Rural,140694
1408,3,2.4,71,Suburbs,333965
1828,3,1.6,39,Downtown,598927
1283,3,2.6,69,Rural,220392
1569,3,2.3,54,Downtown,490657
2403,4,3.2,49,Downtown,811271
1453,2,1.0,20,Downtown,519789
2301,4,2.4,36,Rural,317780
1122,2,1.4,42,Suburbs,251291
2117,3,2.3,61,Rural,249441
2664,5,4.0,19,Suburbs,648922
400,1,1.0,54,Rural,71405
1321,3,2.0,29,Rural,204633
2146,4,2.5,59,Rural,290759
1678,2,1.8,59,Suburbs,319564
2022,3,1.8,46,Rural,245757
1437,2,1.9,67,Downtown,417345
1851,4,2.7,72,Rural,225821
1706,3,2.6,56,Downtown,585965
2500,5,3.7,9,Suburbs,619616
1952,4,2.8,1,Suburbs,552758
2002,4,2.6,53,Rural,264283
1552,2,1.3,29,Rural,201475
1507,3,2.2,62,Rural,193698
1540,3,2.1,42,Downtown,519985
2036,3,1.9,70,Suburbs,404824
1547,3,2.1,48,Downtown,546849
1973,3,2.1,51,Downtown,632748
3045,5,2.9,8,Rural,391852
2322,3,2.2,12,Rural,289069
1604,2,1.1,27,Downtown,517470
2520,4,2.5,12,Downtown,873767
1555,3,1.6,63,Rural,213324
577,1,1.0,47,Rural,50913
1195,1,1.0,31,Downtown,382127
677,2,1.2,32,Rural,111274
1589,3,2.7,58,Rural,171098
1811,3,1.9,35,Downtown,593262
2805,5,3.6,26,Downtown,960472
1996,4,2.9,18,Suburbs,474691
1668,2,1.4,11,Downtown,582516
2297,3,2.1,18,Rural,296779
473,1,1.0,1,Downtown,240320
1941,3,2.5,1,Downtown,726846
2262,3,2.6,5,Downtown,832428
912,2,1.0,32,Suburbs,255940
2486,4,2.5,52,Suburbs,491472
2003,3,2.0,48,Rural,260635
1550,2,1.1,17,Suburbs,349503
2179,3,2.3,38,Downtown,714916
3162,5,3.3,69,Suburbs,649034
1909,4,3.4,10,Downtown,742732
1948,4,3.2,69,Suburbs,432682
1524,2,1.5,25,Suburbs,334963
1290,3,2.4,53,Suburbs,286528
2298,3,2.4,50,Downtown,715956
1286,2,1.2,3,Suburbs,329490
1842,3,1.9,24,Downtown,649047
1513,2,1.4,27,Downtown,527895
2087,3,2.4,5,Rural,280561
2000,4,2.8,10,Suburbs,504311
2422,5,3.0,15,Rural,360161
1493,2,1.2,29,Rural,216566
1638,3,2.1,39,Downtown,562170
1212,2,1.4,17,Suburbs,295218
1533,3,2.7,37,Downtown,559476
2026,3,1.7,64,Downtown,588151
2254,4,3.0,63,Suburbs,482137
1246,2,1.8,33,Downtown,456650
2321,3,2.8,36,Suburbs,523385
2613,5,3.4,4,Suburbs,631963
2048,4,2.9,64,Downtown,675158
2926,4,3.0,39,Downtown,928923
1335,3,2.2,23,Rural,214151
1053,1,1.0,44,Downtown,327690
732,2,1.5,42,Suburbs,183902
2697,5,2.7,62,Rural,327194
2192,3,2.3,57,Suburbs,453877
1766,3,2.1,34,Rural,226497
1967,4,2.7,17,Downtown,738035
1124,1,1.3,19,Downtown,390852
3267,6,4.0,51,Downtown,1116054
1877,3,2.0,2,Suburbs,486914
1865,3,2.7,44,Rural,227321
2235,3,1.9,20,Suburbs,498964
2088,3,1.9,65,Rural,232405
1934,3,2.1,15,Downtown,675177
1325,3,2.4,73,Suburbs,327903
2082,3,2.2,60,Downtown,640080
2929,4,2.4,72,Suburbs,589607
2607,5,3.3,32,Downtown,914699
2755,5,3.3,44,Suburbs,594756
1493,3,2.1,5,Suburbs,372027
1206,2,1.5,8,Rural,157042
1724,2,1.5,19,Downtown,564592
1833,3,1.6,12,Rural,194613
2456,5,3.8,60,Rural,333727
784,1,1.0,65,Downtown,264293
2717,5,3.9,37,Suburbs,629861
1705,2,1.5,28,Rural,190181
1543,3,2.4,18,Downtown,569914
1192,1,1.0,25,Suburbs,256258
807,1,1.1,4,Rural,110357
2293,3,2.3,60,Rural,290984
1843,4,2.8,57,Rural,259965
1026,2,2.1,73,Suburbs,192799
1022,1,1.0,32,Rural,147451
1598,2,1.6,49,Suburbs,364420
2801,4,2.4,4,Rural,410034
1644,3,1.7,37,Downtown,614882
898,1,1.0,33,Rural,101573
1652,2,1.4,70,Downtown,530101
1636,2,1.2,64,Downtown,467167
400,1,1.0,10,Downtown,205050
1767,3,2.6,41,Suburbs,411333
1661,3,2.3,74,Downtown,503354
2217,3,1.8,73,Rural,260134
2909,4,2.8,55,Suburbs,579129
2475,5,3.3,14,Downtown,895605
1638,3,2.0,54,Suburbs,382479
1136,1,1.0,7,Suburbs,274957
3344,6,4.0,63,Suburbs,725270
1835,4,2.4,53,Rural,250866
1808,3,2.1,55,Downtown,603844
1785,3,1.9,74,Suburbs,324616
1918,4,1.9,45,Suburbs,440070
1713,2,2.0,51,Suburbs,353425
1455,2,1.7,61,Downtown,449087
1471,3,2.0,39,Suburbs,366046
1780,2,1.4,6,Suburbs,387056
1473,3,1.7,51,Rural,169987
1372,2,1.9,15,Downtown,469309
1863,4,3.4,20,Rural,265698
1647,2,1.4,51,Downtown,531269
2702,5,3.8,51,Downtown,907303
400,1,1.0,21,Downtown,171287
2454,5,3.1,49,Rural,312924
2547,4,2.7,9,Rural,316294
555,1,1.0,37,Rural,59721
1594,3,2.0,10,Rural,240656
1577,3,2.0,24,Suburbs,356784
955,1,1.0,40,Suburbs,229308
1333,2,1.4,32,Suburbs,302093
1133,1,1.0,46,Downtown,348535
2851,4,2.5,38,Suburbs,603849
2361,3,1.9,17,Downtown,799814
2562,4,2.4,21,Rural,352135
2233,4,3.1,36,Downtown,779054
1122,1,1.0,33,Downtown,377456
1485,3,2.4,47,Suburbs,341018
2093,3,2.5,46,Rural,275706
1066,1,1.0,32,Rural,130634
2227,4,2.0,72,Suburbs,453201
1655,3,2.0,65,Rural,197046
1575,2,1.4,16,Rural,203089
2226,4,2.5,61,Rural,263000
2066,4,2.6,28,Suburbs,495414
1583,3,2.6,33,Rural,248984
2495,5,3.7,43,Downtown,890143
1151,1,1.0,43,Downtown,331444
2169,4,2.3,33,Rural,313299
2155,3,2.0,43,Suburbs,452936
1614,2,1.3,49,Suburbs,343238
1995,3,2.2,74,Suburbs,381563
1049,1,1.0,19,Rural,147111
2354,4,3.0,73,Rural,293302
1689,3,2.7,45,Downtown,552902
1486,2,1.6,4,Suburbs,377833
2429,4,2.8,23,Downtown,864663
1377,2,1.3,66,Downtown,402446
954,1,1.0,53,Suburbs,219340
866,2,1.8,41,Rural,124042
2163,3,1.9,26,Rural,295957
1031,2,1.4,74,Downtown,260373
2852,4,2.8,2,Downtown,1032556
550,1,1.0,22,Downtown,265659
2817,4,2.4,35,Downtown,902122
1926,3,2.2,30,Suburbs,398388
1741,3,2.1,7,Downtown,650945
1473,3,2.3,66,Downtown,450627
2039,4,2.6,53,Rural,273059
1777,2,1.8,57,Rural,217934
2461,4,2.5,32,Rural,301133
1868,4,3.3,36,Suburbs,477504
1890,4,2.3,2,Suburbs,495722
1581,2,1.5,69,Rural,198237
1765,2,1.5,27,Rural,225504
1984,4,2.6,68,Downtown,611011
773,1,1.0,6,Downtown,340885
991,1,1.1,59,Suburbs,187982
2245,4,2.1,74,Suburbs,428041
1902,3,2.3,38,Downtown,666518
1689,3,1.4,38,Rural,259613
1811,3,1.8,11,Downtown,647451
2008,4,3.3,13,Suburbs,548849
1476,2,1.2,3,Suburbs,359655
1333,3,1.7,14,Downtown,508068
1917,4,2.7,42,Downtown,656340
1212,3,2.7,9,Downtown,552638
2044,4,2.3,45,Suburbs,441918
778,1,1.0,55,Rural,107543
2417,4,3.2,15,Downtown,847932
2083,4,3.4,1,Suburbs,524993
1953,3,2.1,51,Suburbs,437394
2389,3,1.7,71,Suburbs,455052
2799,4,3.4,38,Downtown,916737
2408,4,3.3,71,Downtown,786396
695,1,1.0,57,Rural,115033
1032,2,1.2,9,Suburbs,286645
1425,3,2.1,27,Downtown,515188
1815,4,2.8,42,Suburbs,419831
2110,4,2.9,17,Suburbs,513261
1364,2,1.8,2,Rural,210790
1912,3,2.4,47,Downtown,609520
1346,3,1.8,40,Downtown,491967
1433,2,1.8,65,Suburbs,292167
956,1,1.0,10,Suburbs,207030
1246,3,2.3,33,Rural,166801
988,1,1.1,66,Rural,97859
1214,3,1.8,15,Rural,187437
2432,5,3.5,60,Rural,355002
1230,2,1.2,18,Rural,178575
3379,5,3.0,6,Rural,427206
2095,4,2.9,53,Suburbs,472495
1910,4,3.6,11,Rural,282499
1284,2,1.0,34,Suburbs,292122
2220,4,2.8,4,Suburbs,555363
1454,3,2.3,19,Downtown,579249
1873,4,2.8,52,Suburbs,428172
3336,5,3.5,50,Suburbs,745252
1742,3,1.7,69,Rural,223675
2489,4,2.9,41,Suburbs,536095
1378,3,1.9,12,Rural,252743
1779,2,1.0,66,Rural,202019
2862,5,3.9,15,Rural,378314
1423,2,1.7,26,Downtown,530315
2887,4,2.8,24,Rural,413173
2224,3,2.2,15,Suburbs,506128
1462,3,2.4,5,Rural,216947
2179,4,2.9,38,Rural,288046
2383,4,3.1,44,Rural,324613
2173,3,2.0,34,Downtown,734392
857,2,1.8,13,Suburbs,261058
1363,2,1.5,17,Downtown,493594
1651,3,2.2,61,Suburbs,384579
1755,2,1.0,39,Downtown,536396
2172,3,2.2,39,Suburbs,490956
1906,3,1.9,67,Downtown,574396
998,2,1.2,49,Rural,138312
2028,4,2.6,39,Downtown,697977
2166,4,2.5,27,Downtown,753030
2135,3,2.7,47,Rural,263038
2448,4,3.2,7,Rural,369461
2300,4,3.4,13,Suburbs,543582
2075,4,2.4,24,Suburbs,473773
1757,3,2.1,33,Suburbs,445674
803,1,1.0,46,Downtown,280190
2057,3,1.9,65,Suburbs,367649
1924,3,1.8,36,Downtown,623858
1962,3,2.5,74,Downtown,562849
1033,1,1.0,36,Suburbs,206253
1151,2,1.7,54,Suburbs,189407
2431,4,3.0,10,Downtown,863283
1776,2,2.1,60,Rural,187902
2208,3,1.7,71,Rural,252736
1816,3,2.5,15,Downtown,629382
1817,3,2.4,14,Suburbs,442404
2362,4,2.5,55,Downtown,749286
1490,2,1.7,65,Downtown,477976
1857,3,2.2,41,Suburbs,441522
1522,2,1.3,27,Rural,214249
1539,3,1.9,42,Downtown,520505
1614,3,1.9,14,Rural,270919
1933,4,3.4,65,Rural,222742
1512,2,1.4,21,Suburbs,319207
2553,5,3.7,10,Downtown,936575
1263,2,1.2,74,Downtown,404845
1687,2,1.2,70,Rural,181622
1536,3,2.4,60,Rural,194255
2668,4,2.4,47,Suburbs,536646
1917,3,2.0,52,Rural,256708
2419,4,2.8,58,Suburbs,535868
908,2,1.4,62,Downtown,308922
1960,3,2.0,61,Suburbs,392155
2333,3,2.2,64,Rural,259984
1849,4,3.0,47,Downtown,624853
2439,4,3.0,33,Suburbs,554093
1489,2,1.1,14,Downtown,497144
2645,5,3.4,11,Suburbs,611447
3179,5,3.9,44,Rural,399419
1582,2,1.7,2,Rural,215640
1532,2,1.0,65,Downtown,429324
2672,4,2.9,67,Downtown,837858
2747,4,2.2,54,Downtown,853201
1486,3,2.1,16,Suburbs,369610
1547,3,2.7,25,Rural,229195
1630,3,1.8,6,Downtown,589981
993,2,1.1,5,Downtown,406714
1248,2,1.6,45,Downtown,419401
1197,1,1.0,58,Suburbs,198586
1339,2,1.2,55,Downtown,432026
1779,2,1.6,27,Downtown,567969
1940,3,1.9,2,Suburbs,468578
2730,5,3.4,73,Suburbs,602340
1200,3,2.3,38,Downtown,474891
2390,3,2.2,74,Downtown,703291
1671,2,1.5,71,Suburbs,312469
1770,2,1.3,21,Rural,246622
2204,4,2.9,50,Suburbs,503945
1126,1,1.0,72,Rural,104478
2029,3,2.2,66,Downtown,606127
1899,3,2.0,1,Downtown,652509
2095,4,2.7,41,Rural,281955
1973,3,1.8,32,Suburbs,434855
3273,6,4.0,1,Downtown,1193913
1417,3,1.9,53,Rural,192447
1481,3,1.8,5,Suburbs,408348
1426,3,2.2,73,Rural,162058
1466,3,2.2,9,Suburbs,404511
1417,3,2.3,43,Suburbs,325658
2513,4,2.7,59,Suburbs,545825
2652,4,2.9,74,Suburbs,511765
1457,2,1.6,3,Rural,215749
1300,3,2.2,27,Rural,154160
2082,3,1.9,25,Rural,266091
1468,3,2.1,62,Rural,195396
2179,4,2.9,60,Rural,266476
1921,4,2.8,22,Suburbs,450296
890,1,1.0,31,Downtown,325946
2728,5,3.5,67,Downtown,879000
2877,5,4.0,1,Rural,397112
1432,2,1.3,29,Rural,188884
1567,2,1.2,6,Downtown,608159
1971,4,2.9,56,Suburbs,466074
2000,4,2.9,37,Rural,297264
2195,3,2.5,64,Suburbs,459902
3006,5,3.1,32,Downtown,1005907
1693,2,1.6,55,Downtown,467518
1321,3,2.3,55,Rural,164779
972,1,1.0,54,Suburbs,184427
1361,2,1.5,18,Rural,152768
1780,2,1.7,25,Downtown,568814
2876,5,3.8,1,Suburbs,654195
1489,2,1.1,49,Rural,177675
1934,3,2.3,45,Rural,263629
1790,2,1.4,2,Rural,265505
2513,4,2.8,44,Downtown,831958
3316,5,3.5,33,Rural,405627
1481,3,2.1,7,Suburbs,346155
1506,3,2.5,14,Rural,191395
2426,5,3.5,14,Downtown,867495
2209,3,1.8,5,Rural,278724
2908,5,3.4,7,Downtown,1024629
2150,4,2.9,58,Downtown,687479
1584,3,2.5,56,Suburbs,360829
2154,3,2.3,24,Suburbs,481458
2465,4,2.5,5,Rural,338455
2292,4,3.5,12,Downtown,862472
2104,4,2.9,45,Downtown,694384
2440,4,3.2,50,Suburbs,545134
2501,4,2.8,4,Suburbs,592434
2629,5,3.7,49,Rural,339968
2189,3,2.4,19,Downtown,767203
1699,3,2.5,53,Suburbs,395113
1888,3,2.4,56,Rural,217365
2523,5,3.8,44,Downtown,871456
1309,3,2.0,49,Downtown,463502
2021,3,1.9,33,Suburbs,440009
1563,3,2.2,34,Rural,227636
1817,4,3.1,52,Suburbs,429944
2567,5,3.4,28,Rural,387788
1914,3,2.4,62,Downtown,573700
1827,3,2.5,9,Rural,260044
984,1,1.0,9,Rural,126129
2247,4,2.5,59,Rural,292343
2187,3,2.1,2,Rural,267086
3097,6,4.0,47,Rural,414013
1615,3,1.9,40,Suburbs,354266
1931,3,2.5,34,Rural,241703
1949,3,2.2,44,Rural,219497
2746,5,3.5,43,Downtown,917497
1742,3,1.7,21,Rural,259171
1967,3,1.7,3,Downtown,699560
2164,3,2.2,16,Suburbs,507778
1911,3,1.5,34,Suburbs,451414
1532,3,2.4,9,Rural,236702
1916,4,2.8,21,Suburbs,460347
2444,5,4.0,35,Rural,349654
1184,2,2.1,47,Suburbs,262165
1879,4,2.7,38,Rural,248889
1379,2,1.4,10,Rural,166014
2517,4,3.1,1,Downtown,924859
886,2,1.9,20,Downtown,364848
1464,3,1.6,71,Downtown,453504
2026,3,1.6,65,Downtown,586002
2739,4,2.6,28,Rural,360539
1760,2,1.6,61,Suburbs,333156
1466,2,1.5,37,Rural,185499
2928,5,3.8,63,Downtown,965815
931,1,1.0,30,Downtown,337156
480,1,1.0,58,Suburbs,103484
2064,3,2.4,40,Downtown,645543
1498,2,1.2,9,Rural,266896
1187,1,1.0,34,Rural,183214
2225,4,2.8,8,Rural,329472
1946,4,3.0,46,Rural,248493
1461,2,1.4,57,Rural,171170
1031,2,1.3,55,Suburbs,212167
2323,4,2.8,61,Rural,315044
2190,3,2.0,41,Downtown,706561
1740,2,1.0,26,Downtown,545325
2907,5,3.3,21,Downtown,991758
1157,2,1.6,44,Downtown,416808
884,2,1.5,17,Suburbs,276357
1384,2,1.5,33,Downtown,500283
1772,2,1.1,17,Suburbs,406801
1946,4,2.7,45,Downtown,666204
1655,2,1.0,50,Suburbs,266984
2011,3,2.2,12,Suburbs,479017
1049,2,1.8,56,Suburbs,233862
2666,5,3.1,3,Downtown,966263
1750,2,1.2,67,Suburbs,333721
2470,4,2.9,72,Rural,271888
2005,4,3.2,8,Rural,308100
2074,3,2.0,58,Downtown,654591
2141,3,1.9,61,Rural,267130
2068,4,2.2,66,Rural,273206
2185,4,2.8,13,Rural,319777
2597,4,3.4,54,Downtown,836604
1917,3,2.2,38,Downtown,639378
2225,3,2.1,64,Rural,263890
1746,3,2.2,55,Downtown,569051
2664,4,2.8,40,Suburbs,599912
1394,2,1.2,22,Rural,200651
2880,5,3.7,28,Downtown,1034394
1775,3,2.2,23,Downtown,673510
941,1,1.0,67,Rural,103003
1876,4,2.5,71,Downtown,526618
1391,3,2.5,48,Rural,216990
2304,3,2.3,31,Downtown,745527
1408,3,1.9,35,Suburbs,320536
1532,3,2.4,28,Rural,210838
666,1,1.0,31,Suburbs,158059
1528,3,1.9,27,Rural,226094
400,1,1.0,23,Downtown,163481
849,1,1.0,7,Suburbs,204706
2256,4,2.9,64,Downtown,732004
2271,4,2.3,2,Rural,330934
2055,4,2.4,71,Rural,264526
1219,2,1.0,2,Rural,165540
1771,3,2.1,27,Rural,221024
1797,2,1.4,49,Rural,202762
1104,2,1.3,36,Suburbs,262224
2702,5,3.2,17,Rural,399761
2326,4,2.4,56,Downtown,702686
1667,2,1.5,17,Suburbs,376136
1816,4,2.6,47,Downtown,604586
1925,4,2.9,9,Rural,251910
574,1,1.0,65,Downtown,187853
1651,2,1.5,17,Suburbs,388707
1390,3,2.5,2,Suburbs,390909
1199,2,1.6,61,Suburbs,269111
1631,3,2.0,60,Downtown,513385
2878,4,2.9,42,Suburbs,608145
2184,3,2.0,58,Downtown,714490
1457,2,1.4,51,Rural,172068
2143,3,2.0,45,Rural,280047
2639,5,3.5,13,Downtown,950336
2354,3,2.2,62,Suburbs,438886
1835,3,1.8,13,Downtown,610415
1411,2,1.1,28,Downtown,462930
2218,4,2.4,59,Downtown,731573
2036,4,2.3,9,Rural,305694
2337,3,1.7,32,Downtown,765248
2181,3,2.1,67,Rural,235836
2429,5,3.2,72,Downtown,818757
1478,3,2.3,63,Rural,169761
2590,5,3.5,59,Downtown,862970
1918,4,2.2,16,Downtown,699977
3045,6,4.0,26,Suburbs,709139
1386,3,2.3,12,Suburbs,392940
2841,5,3.2,13,Downtown,980719
1918,4,2.9,26,Downtown,675040
1409,2,1.1,24,Downtown,481047
1509,2,1.4,42,Downtown,476206
1607,2,1.0,45,Suburbs,396803
2054,3,1.6,16,Rural,284921
2113,3,2.0,60,Downtown,640689
1455,2,1.4,52,Suburbs,280903
1785,3,2.0,30,Downtown,576880
3085,6,3.8,13,Downtown,1075745
2836,4,2.7,4,Rural,380996
2061,3,2.2,60,Downtown,669274
1822,4,2.8,29,Downtown,691595
1872,4,2.9,11,Rural,282826
2168,4,2.6,29,Rural,286714
1186,1,1.1,19,Rural,164603
1645,3,1.7,31,Rural,210588
798,1,1.0,46,Suburbs,207327
2039,3,2.5,13,Suburbs,478475
2188,4,2.9,23,Suburbs,516620
1510,3,2.0,21,Downtown,513706
2744,4,2.6,18,Rural,355077
1064,2,1.7,9,Rural,184945
921,2,1.0,53,Suburbs,179344
1934,3,1.8,55,Downtown,590284
2428,5,3.4,42,Downtown,858609
2810,4,3.2,3,Downtown,952639
1524,2,1.5,50,Suburbs,339248
2447,5,3.2,29,Downtown,853888
1776,2,1.3,2,Downtown,611878
1696,2,1.2,18,Downtown,546108
2330,4,2.6,70,Rural,289925
2191,4,3.1,20,Suburbs,575099
854,2,1.0,14,Rural,151817
2685,4,3.3,67,Rural,310530
2628,4,3.0,59,Suburbs,578333
1424,3,2.4,27,Rural,202214
2037,3,2.0,14,Downtown,735132
2096,4,2.8,60,Downtown,703698
1956,4,2.4,10,Downtown,666858
1469,2,1.2,53,Downtown,429510
1397,3,2.2,72,Suburbs,316690
1784,2,1.8,21,Rural,237411
2503,4,2.5,61,Rural,284429
2126,4,2.7,39,Downtown,715865
1577,2,1.4,8,Downtown,521957
2263,4,2.4,65,Rural,275003
400,1,1.0,26,Suburbs,170573
2489,4,2.6,10,Rural,354508
756,1,1.0,18,Downtown,339989
1582,3,2.0,48,Downtown,548409
1128,1,1.0,70,Suburbs,223456
1023,2,1.4,4,Rural,203675
2496,4,2.7,18,Suburbs,581615
1519,2,1.3,60,Suburbs,298427
2007,4,2.6,45,Downtown,705365
1771,3,2.2,55,Rural,252144
2086,4,3.3,38,Downtown,726425
1846,4,2.8,72,Rural,219567
1030,2,1.7,2,Downtown,438340
2397,3,1.7,34,Downtown,776005
1503,2,1.4,36,Rural,207652
866,2,1.1,49,Rural,86685
1543,2,1.0,73,Downtown,467359
2700,4,2.6,52,Rural,319092
2310,3,2.5,52,Downtown,722023
1590,3,2.4,59,Rural,186078
1590,2,1.5,66,Downtown,520912
1607,2,1.0,62,Downtown,469453
3046,5,3.4,47,Downtown,978429
2029,4,2.9,48,Suburbs,479432
2058,3,2.2,24,Rural,288112
2418,4,2.2,11,Downtown,835377
1943,4,2.5,23,Suburbs,485321
1644,3,2.1,37,Downtown,551958
1682,2,1.6,10,Suburbs,383042
1757,2,1.0,57,Downtown,472112
1777,3,2.1,12,Downtown,619471
2236,4,2.8,24,Suburbs,559957
1831,4,3.1,66,Suburbs,443611
2239,4,3.0,62,Rural,284003
1751,3,2.3,35,Rural,268617
1847,4,2.6,20,Suburbs,453808
601,2,1.0,32,Rural,93661
2349,3,2.0,31,Suburbs,507854
2007,4,3.1,7,Rural,294297
2398,4,3.2,42,Downtown,803764
400,1,1.0,51,Rural,79952
3053,6,4.0,39,Downtown,1051752
1716,3,2.2,65,Downtown,556239
2464,4,2.6,55,Rural,326640
1176,2,1.4,63,Suburbs,248577
2167,3,2.6,13,Downtown,740124
1167,1,1.0,57,Downtown,309907
1425,2,1.9,12,Rural,207958
2948,4,2.7,50,Suburbs,612799
1685,3,2.5,63,Suburbs,365420
1930,3,1.7,54,Rural,234260
2322,3,2.3,50,Suburbs,537306
2097,4,2.6,64,Rural,236122
1890,3,1.7,11,Rural,219296
2018,3,2.2,2,Rural,290043
3242,5,3.8,25,Downtown,1087496
1765,2,1.1,13,Downtown,598768
1920,4,2.4,26,Downtown,700709
2430,4,2.8,61,Rural,326301
2463,5,3.5,74,Downtown,769740
2512,5,3.7,50,Downtown,847954
2183,3,2.4,16,Downtown,761640
1114,1,1.0,3,Rural,176905
2780,4,3.4,6,Rural,422854
1112,1,1.0,70,Rural,135851
1981,4,2.7,56,Downtown,660596
1347,3,1.6,52,Suburbs,283364
1761,3,2.0,66,Downtown,535410
1997,3,2.0,25,Downtown,666480
1992,4,3.1,59,Rural,273790
2053,3,2.2,42,Rural,265404
2768,4,2.4,73,Downtown,803404
2072,3,2.2,61,Downtown,632995
1653,2,1.6,74,Suburbs,332500
2378,3,2.6,17,Suburbs,545503
2513,5,3.8,59,Rural,340676
1063,2,1.6,28,Suburbs,272376
2158,3,2.1,31,Suburbs,507757
2220,4,2.9,61,Rural,285107
1621,2,1.8,51,Suburbs,331473
2625,4,2.4,20,Downtown,864920
1709,2,1.3,60,Suburbs,340326
1875,4,2.6,3,Rural,231938
1696,2,1.5,41,Downtown,533601
1809,3,2.5,73,Suburbs,369689
1142,2,1.2,48,Downtown,345353
935,2,1.0,1,Downtown,375212
2756,5,3.4,3,Suburbs,679639
1291,2,1.7,52,Suburbs,283511
1205,2,1.6,7,Rural,184804
507,1,1.0,61,Rural,67520
1416,2,1.3,12,Downtown,510371
1006,2,1.0,10,Rural,179131
2785,5,3.7,7,Downtown,1006338
2405,4,2.5,12,Downtown,813153
1387,2,2.1,11,Rural,236429
3151,6,4.0,43,Rural,422585
2389,4,2.6,62,Rural,281874
1605,3,1.9,9,Suburbs,375359
400,1,1.0,56,Downtown,146158
3174,5,3.4,51,Downtown,1019808
966,2,1.7,64,Downtown,344335
812,2,1.5,16,Rural,128987
2413,5,3.3,60,Rural,296476
3263,5,4.0,65,Rural,421471
2630,4,2.8,34,Rural,357397
2138,4,3.0,48,Rural,285095
2156,3,1.9,15,Suburbs,503119
2312,3,2.2,2,Rural,312389
2255,3,2.2,23,Downtown,759195
1968,4,2.2,47,Rural,280069
1862,4,3.4,10,Downtown,740724
1762,2,1.8,58,Rural,204132
1347,3,2.0,31,Rural,220915
1631,3,1.8,65,Downtown,461799
784,1,1.0,12,Downtown,354804
1740,2,1.4,28,Downtown,534400
1206,3,2.2,37,Downtown,444374
1137,1,1.0,5,Suburbs,277866
1907,4,3.0,22,Downtown,705821
2635,5,3.9,31,Rural,381436
2350,3,2.3,1,Rural,297653
857,2,1.1,21,Suburbs,233115
1206,3,2.5,55,Downtown,422509
2364,3,2.6,44,Rural,300635
1210,2,2.3,68,Suburbs,256012
1665,2,1.1,17,Rural,219423
2130,4,2.9,65,Suburbs,449326
1218,2,1.0,65,Suburbs,228603
1863,3,2.3,36,Downtown,638387
999,1,1.0,47,Suburbs,225622
1439,2,2.0,45,Rural,173486
1991,4,2.6,38,Rural,251929
844,2,1.0,8,Downtown,370126
2064,3,2.0,32,Downtown,683208
1788,3,1.5,23,Suburbs,425739
2131,3,2.3,19,Downtown,713613
1934,3,1.5,7,Rural,228542
2618,5,3.5,66,Rural,321476
1875,4,2.2,52,Downtown,611963
1542,2,1.3,12,Downtown,539759
1873,3,2.6,14,Downtown,668274
2125,4,2.9,35,Suburbs,508640
1829,3,1.8,31,Suburbs,406797
1824,4,2.8,51,Rural,248766
1378,2,1.4,24,Suburbs,323704
1402,2,1.5,17,Suburbs,338312
958,2,1.0,42,Suburbs,219205
2849,5,3.7,59,Suburbs,631407
1053,2,1.0,53,Rural,114590
1384,3,1.9,18,Downtown,555599
1368,3,2.0,13,Rural,203273
2336,4,3.0,4,Suburbs,541439
1623,3,2.1,3,Downtown,624742
2548,4,2.4,5,Downtown,871822
1395,2,1.1,45,Downtown,454588
1967,3,2.2,52,Rural,289102
1298,3,2.1,43,Downtown,452223
3087,6,4.0,18,Rural,431917
1087,2,1.3,66,Rural,93325
1985,3,2.3,44,Suburbs,443063
2180,4,2.6,4,Suburbs,515492
2048,4,2.8,66,Downtown,652244
1688,2,2.1,62,Downtown,493638
1722,3,1.7,17,Suburbs,422709
1826,3,1.5,72,Rural,230084
1711,2,1.6,40,Rural,212715
2378,4,2.6,54,Suburbs,493380
3126,6,4.0,11,Rural,465696
1465,3,1.9,23,Suburbs,345169
978,1,1.0,41,Suburbs,166611
1747,2,1.9,40,Downtown,572242
3347,5,3.7,60,Downtown,1037986
1317,3,2.4,69,Suburbs,310808
2783,5,3.1,43,Downtown,918032
2806,5,3.2,23,Suburbs,657806
1467,3,1.2,47,Rural,215061
2141,3,1.9,11,Rural,262508
2777,4,3.1,56,Rural,330960
1572,2,1.6,60,Rural,183297
1677,2,1.3,69,Suburbs,350237
1450,3,2.1,2,Rural,211527
1191,2,1.2,37,Rural,145306
1410,3,2.2,49,Rural,199936
1065,1,1.0,24,Rural,131057
1820,3,1.6,2,Suburbs,443528
1338,3,2.2,22,Rural,169947
1940,4,3.1,19,Downtown,769307
866,1,1.0,16,Downtown,301432
1998,4,3.0,5,Downtown,755030
2300,3,2.9,17,Downtown,794711
603,1,1.0,62,Downtown,219414
2024,3,2.2,32,Downtown,652360
2536,5,3.3,24,Suburbs,639082
1074,2,1.5,56,Downtown,364453
2803,4,2.9,54,Rural,352541
2051,4,2.9,51,Downtown,674215
1376,2,1.1,49,Suburbs,297759
1766,2,1.5,30,Downtown,559996
2134,3,2.5,47,Rural,293730
1845,3,2.2,46,Rural,217117
2123,4,3.1,58,Suburbs,468462
1247,2,1.3,7,Suburbs,304196
1901,3,2.3,31,Suburbs,414390
951,2,1.5,14,Suburbs,274274
1733,2,1.1,7,Downtown,605021
1257,2,1.5,1,Downtown,515418
1358,3,1.8,50,Rural,144658
2541,5,3.3,8,Suburbs,639811
2454,5,3.6,73,Suburbs,584821
2165,3,2.2,26,Downtown,716898
1144,2,1.0,5,Suburbs,332165
1610,3,2.4,49,Rural,207482
2527,4,3.0,3,Rural,323734
1885,3,1.9,48,Suburbs,398562
3191,5,3.0,57,Rural,412006
2035,3,2.1,21,Rural,254674
1915,3,2.0,74,Downtown,561128
1614,3,2.1,14,Rural,245185
1880,4,2.7,72,Suburbs,405322
1708,3,1.5,7,Suburbs,425194
2224,3,2.0,34,Rural,285670
2374,3,2.0,38,Suburbs,512552
1328,2,1.6,24,Downtown,464428
1001,2,1.2,60,Rural,127262
698,2,1.9,67,Rural,76022
2104,3,1.5,37,Rural,287250
1137,2,1.8,19,Suburbs,278863
508,1,1.0,28,Suburbs,165495
2033,4,3.1,65,Rural,256117
3295,6,4.0,26,Suburbs,760269
1796,3,2.4,34,Suburbs,404306
2303,3,2.0,45,Rural,261219
1849,4,2.5,70,Rural,197588
1740,3,2.5,4,Suburbs,419409
2351,3,2.1,44,Rural,281683
1625,3,2.2,23,Rural,233764
1960,3,2.5,52,Rural,267561
1993,3,1.8,27,Rural,251021
1399,2,1.6,35,Suburbs,297512
2395,3,1.9,69,Rural,245026
1695,2,1.4,37,Downtown,550732
1346,3,2.1,34,Rural,220479
2121,3,1.6,48,Downtown,686064
1260,2,1.2,6,Rural,199091
1816,3,2.5,18,Downtown,669504
1794,2,1.7,58,Downtown,573244
2451,5,3.5,4,Rural,363062
2084,3,2.2,28,Rural,285711
1784,3,2.0,62,Rural,211230
2290,3,2.5,64,Downtown,674481
2634,5,3.4,51,Suburbs,573720
2134,3,2.2,2,Suburbs,505772
1806,3,2.4,71,Rural,219231
1012,2,1.2,29,Suburbs,286110
1160,1,1.2,57,Suburbs,228647
1616,3,1.6,32,Rural,239908
1434,2,1.9,42,Downtown,469328
1687,3,2.0,65,Rural,199554
1833,3,2.0,2,Suburbs,423454
2117,3,1.5,16,Downtown,696843
1757,3,2.0,44,Suburbs,399419
2091,3,1.8,47,Downtown,660167
1838,3,1.9,15,Suburbs,453089
614,1,1.0,72,Rural,68539
1236,2,1.7,20,Suburbs,298684
1713,2,1.5,61,Suburbs,381383
1074,1,1.0,17,Downtown,379013
2159,4,2.5,60,Suburbs,487292
2718,5,3.2,73,Rural,326453
2531,5,4.0,51,Rural,352699
1671,2,1.2,11,Rural,241846
2694,5,4.0,4,Downtown,997577
1889,3,2.0,51,Downtown,558581
1597,2,1.4,48,Suburbs,331653
1431,2,1.7,38,Suburbs,343849
1618,2,1.8,36,Suburbs,366331
1567,3,2.1,12,Downtown,599908
1902,3,2.0,49,Downtown,578052
1896,4,2.8,10,Suburbs,466154
1801,3,2.2,71,Downtown,562294
2062,4,3.1,46,Downtown,718872
2514,5,3.5,74,Rural,340543
2369,4,3.0,25,Rural,317605
909,2,1.9,64,Suburbs,210333
400,1,1.0,1,Suburbs,155187
2360,4,2.9,16,Rural,304771
979,1,1.0,13,Downtown,318000
1665,3,1.3,39,Suburbs,374494
1097,1,1.0,19,Suburbs,259259
718,2,1.4,54,Suburbs,159149
2124,3,1.9,62,Downtown,613289
2255,4,2.9,66,Rural,293187
1454,3,2.1,64,Suburbs,309733
400,1,1.0,5,Rural,98812
1472,3,2.1,74,Rural,216254
2035,4,2.6,5,Downtown,717377
912,2,1.7,19,Downtown,361820
1910,3,2.0,44,Downtown,618886
1790,3,2.3,38,Downtown,639419
2147,3,2.0,28,Downtown,679708
1871,4,2.6,28,Downtown,716963
1216,3,2.1,6,Suburbs,342488
2517,4,2.8,17,Rural,336846
1704,3,2.2,39,Downtown,579523
1783,3,2.0,43,Suburbs,385804
1240,2,1.0,11,Rural,198311
1534,3,2.0,4,Downtown,571971
1269,2,1.6,33,Downtown,449118
1696,2,1.3,27,Suburbs,362880
2827,4,2.7,1,Rural,364485
976,2,1.7,45,Downtown,399829
831,1,1.0,54,Rural,107305
2682,4,2.3,15,Suburbs,614955
1674,3,2.1,62,Downtown,556255
1398,2,1.3,74,Rural,126266
2423,5,3.2,10,Suburbs,629011
1436,3,2.0,42,Suburbs,285114
2895,5,3.6,37,Downtown,963307
2206,4,2.8,50,Rural,276055
1507,2,1.5,49,Downtown,485937
3094,5,4.0,16,Downtown,1081648
1436,2,1.3,42,Rural,176495
2245,3,2.2,34,Rural,284843
1979,3,1.9,45,Rural,228091
2581,5,3.2,18,Suburbs,582237
2736,4,2.6,26,Suburbs,619512
1819,3,2.0,27,Rural,258268
1347,2,1.5,3,Suburbs,372613
2075,4,3.5,26,Downtown,743471
1393,3,1.9,28,Rural,213313
3008,5,3.4,19,Downtown,1027732
1881,4,2.8,10,Rural,302674
1580,2,1.5,63,Downtown,489999
1910,3,2.2,6,Rural,273981
991,2,1.8,69,Downtown,306859
1217,3,1.4,10,Rural,207497
2520,4,2.1,50,Rural,322643
1405,2,1.3,74,Suburbs,252771
1171,2,1.7,43,Downtown,375867
2121,3,1.6,72,Suburbs,407375
2511,5,2.6,26,Downtown,900529
2231,3,2.3,56,Suburbs,485948
2397,4,2.9,15,Rural,306687
1345,2,1.1,46,Suburbs,260995
946,1,1.0,25,Suburbs,248156
2700,5,3.2,73,Rural,309973
1606,2,1.4,2,Suburbs,395418
1649,2,1.2,19,Rural,203367
2596,5,3.6,58,Downtown,897156
2133,3,1.2,15,Suburbs,457561
2073,3,1.8,39,Rural,282995
3099,5,3.2,14,Rural,416035
1413,3,2.0,58,Suburbs,318140
2356,4,2.6,26,Downtown,768833
1834,4,3.0,15,Suburbs,423593
1961,3,1.5,55,Rural,230520
2717,4,2.8,25,Downtown,914346
2104,3,2.3,72,Suburbs,400234
2122,3,2.7,32,Rural,257478
2443,5,3.4,18,Suburbs,603079
1581,2,1.5,25,Downtown,545855
1296,2,1.0,7,Downtown,474854
1173,1,1.0,25,Downtown,408636
620,2,1.7,38,Downtown,243504
3033,5,3.5,29,Downtown,1018593
1138,1,1.1,33,Suburbs,281562
1667,2,1.0,60,Downtown,485118
1633,2,1.6,42,Downtown,524557
1984,3,2.7,64,Rural,290029
2289,4,2.9,55,Downtown,721207
2316,3,2.2,51,Rural,296916
1450,2,1.4,11,Rural,236155
1699,2,1.0,10,Rural,218175
1969,3,2.5,2,Suburbs,499813
1650,2,1.2,58,Suburbs,305876
2764,4,3.0,14,Rural,354142
2094,3,1.6,60,Suburbs,429757
2240,3,1.7,24,Downtown,751513
2197,3,2.5,48,Suburbs,492303
2504,4,2.7,1,Downtown,923548
1908,4,3.2,14,Downtown,726659
1021,2,1.4,17,Suburbs,290302
2039,4,2.2,44,Suburbs,449121
1409,3,2.4,63,Rural,201079
1482,2,1.2,29,Suburbs,333502
2151,4,3.0,44,Suburbs,498769
2542,5,3.5,43,Suburbs,590926
1812,3,1.6,43,Downtown,556507
1985,4,2.8,22,Downtown,701060
2821,5,4.0,14,Downtown,1011477
1944,3,2.2,29,Rural,224131
3361,5,3.5,1,Rural,467351
2139,3,2.4,68,Rural,271250
743,2,1.5,71,Downtown,243897
2252,4,2.9,23,Suburbs,507006
2028,3,1.8,44,Rural,279855
2573,4,2.9,39,Rural,371605
2203,4,3.1,21,Downtown,793351
1716,2,1.1,21,Rural,230363
1065,2,1.8,58,Suburbs,238498
1674,2,1.4,45,Downtown,532724
1289,2,1.1,53,Downtown,397487
1451,3,2.4,32,Suburbs,355822
2153,3,2.0,48,Suburbs,471241
2801,4,3.0,38,Suburbs,656730
2036,3,2.0,29,Rural,237149
1082,2,1.4,40,Suburbs,248673
2066,3,2.2,71,Downtown,599605
2517,4,2.9,49,Suburbs,577908
1434,2,1.0,56,Downtown,417993
1719,2,1.1,30,Downtown,522548
1808,3,2.4,49,Rural,245673
1329,2,1.4,53,Suburbs,313722
2188,4,2.6,17,Rural,316547
1727,3,1.7,12,Suburbs,418788
2051,3,1.8,47,Suburbs,441202
1267,3,1.5,10,Suburbs,361642
1537,3,2.1,31,Suburbs,349705
2233,3,1.9,32,Suburbs,481299
1576,3,1.8,38,Downtown,531780
2836,5,3.5,9,Downtown,984995
1560,3,2.2,58,Suburbs,335590
1934,4,3.4,35,Downtown,726490
2359,4,2.3,37,Rural,315471
948,2,1.7,14,Rural,166047
743,2,1.7,66,Rural,100656
884,2,1.2,14,Suburbs,252827
2557,4,2.9,59,Suburbs,525541
1468,2,1.3,73,Downtown,411658
3334,6,4.0,3,Downtown,1187724
1461,3,2.6,32,Downtown,548269
1910,3,2.3,33,Rural,259247
2725,5,3.7,18,Rural,374227
3003,6,4.0,8,Rural,415902
3036,5,3.1,45,Rural,447525
2525,4,2.7,62,Downtown,811445
2414,4,3.2,56,Suburbs,533735
2155,4,2.3,68,Suburbs,445875
2267,4,2.5,66,Rural,268537
1469,2,1.4,21,Suburbs,337100
1309,2,1.1,14,Suburbs,320276
1797,3,1.9,73,Suburbs,323418
1697,2,1.3,25,Rural,186272
1528,3,1.7,44,Downtown,502546
2217,4,2.5,42,Downtown,746077
2373,3,2.3,64,Suburbs,473788
1853,3,1.7,42,Downtown,633086
2686,5,3.0,68,Downtown,825253
1114,1,1.0,44,Rural,119284
1683,2,1.6,27,Rural,248452
1369,2,1.3,28,Suburbs,315266
680,1,1.0,22,Suburbs,197350
1750,3,2.1,56,Suburbs,416753
1726,3,1.6,69,Rural,189024
2708,5,3.6,26,Downtown,946559
2178,4,2.9,2,Rural,309887
1185,1,1.0,25,Rural,115010
2912,4,3.1,63,Downtown,897312
2532,5,3.2,52,Downtown,865115
2149,4,3.1,21,Suburbs,528242
1664,2,1.4,6,Downtown,598454
1224,3,2.0,16,Downtown,484481
1576,3,2.1,39,Downtown,534200
2453,4,2.8,72,Downtown,785563
2930,5,3.9,17,Suburbs,676824
2725,4,2.5,20,Suburbs,613996
1506,2,1.2,18,Downtown,522332
1128,2,1.7,58,Downtown,394622
1884,3,1.9,36,Suburbs,437696
738,2,1.7,7,Suburbs,208089
1993,3,2.6,20,Downtown,678457
1711,3,2.0,30,Rural,243039
1520,3,2.3,74,Suburbs,317499
843,2,1.1,54,Suburbs,178649
2108,3,2.3,54,Suburbs,464172
1480,2,1.5,23,Downtown,515498
1098,2,1.5,32,Downtown,397620
400,1,1.0,23,Suburbs,145376
1783,3,1.6,8,Downtown,633308
2863,5,3.7,31,Downtown,1014594
2796,4,2.2,43,Suburbs,573054
1525,3,2.0,65,Downtown,500007
1438,2,1.7,11,Rural,233536
2081,4,2.9,6,Downtown,751104
1200,2,2.0,7,Downtown,472816
1981,4,3.1,47,Suburbs,481371
2259,4,2.6,22,Suburbs,549643
2536,4,2.8,24,Rural,332530
1739,3,2.1,22,Downtown,604302
1677,3,1.6,71,Rural,215699
1273,2,1.1,58,Rural,174181
1303,3,1.9,8,Suburbs,325860
1664,2,1.0,1,Downtown,559745
2020,4,2.8,28,Suburbs,486138
2348,3,2.0,19,Rural,315989
1318,3,1.6,52,Rural,166725
2695,5,3.6,57,Suburbs,608442
1637,3,2.3,74,Suburbs,324931
1787,2,1.5,40,Suburbs,332875
1351,2,1.3,11,Suburbs,320373
400,1,1.0,17,Suburbs,137884
2330,3,2.3,16,Rural,301231
2242,4,2.9,74,Suburbs,446394
1631,3,1.9,72,Downtown,463411
1840,3,2.2,8,Rural,250977
2109,3,2.5,38,Rural,289753
862,1,1.0,46,Downtown,301169
1482,3,2.7,42,Downtown,557584
2276,3,1.9,14,Rural,282092
1047,1,1.0,71,Suburbs,164638
1976,4,2.6,61,Rural,262345
986,2,1.5,42,Rural,148906
2079,3,1.6,53,Downtown,649216
1778,3,1.9,27,Rural,198943
830,1,1.0,72,Suburbs,131562
2498,5,3.5,52,Downtown,846184
1359,2,1.7,7,Rural,209202
1313,2,1.6,54,Rural,177891
1920,3,1.4,32,Suburbs,422944
2489,4,3.4,49,Rural,327482
1190,2,1.5,34,Rural,163973
1837,4,2.6,37,Rural,267963
2057,4,2.8,64,Rural,267012
2215,4,2.9,46,Suburbs,498234
1905,3,1.9,15,Rural,254752
1579,2,1.5,8,Rural,220703
1303,3,1.9,10,Rural,211991
1851,4,2.7,14,Downtown,704999
1156,2,1.2,56,Suburbs,249445
400,1,1.0,29,Downtown,211264
2061,4,2.8,26,Downtown,742008
2342,3,2.3,53,Suburbs,472770
400,1,1.0,18,Downtown,220892
1194,1,1.0,61,Downtown,309642
2171,4,2.9,31,Downtown,737821
3034,6,4.0,59,Suburbs,679859
1812,4,3.1,63,Rural,250049
1363,3,1.7,20,Suburbs,317295
1690,2,1.1,24,Suburbs,361689
2624,4,2.5,36,Suburbs,560175
1412,3,2.4,42,Downtown,497688
1320,2,1.7,42,Rural,191121
1510,2,1.5,46,Suburbs,334291
1228,3,2.4,6,Suburbs,346850
1873,4,2.5,5,Rural,267276
2774,5,3.6,44,Rural,336689
1993,4,2.8,44,Rural,296019
1648,3,2.4,29,Downtown,603133
1624,3,2.1,23,Rural,214250
862,1,1.0,65,Downtown,257846
2329,3,2.3,1,Suburbs,541452
1753,3,2.4,34,Downtown,604328
1691,2,1.2,72,Rural,193433
3715,6,4.0,16,Downtown,1246250
1979,4,2.5,23,Rural,270073
1348,3,1.4,41,Downtown,467988
1544,3,2.2,26,Suburbs,365859
2489,4,3.0,47,Downtown,831058
1867,4,2.9,62,Suburbs,455526
937,1,1.0,6,Rural,126432
2351,4,2.7,8,Suburbs,526944
1399,3,1.4,14,Rural,164065
2923,5,3.9,15,Rural,398249
2448,4,2.5,4,Suburbs,564733
1531,3,2.5,51,Suburbs,354716
2568,5,3.8,12,Downtown,944139
1840,4,2.5,14,Downtown,659321
2311,3,1.8,52,Suburbs,436251
2090,3,2.2,45,Suburbs,455224
1292,2,1.1,15,Suburbs,313048
1413,3,2.1,57,Suburbs,307517
2417,4,2.7,19,Rural,293096
1599,3,1.6,22,Suburbs,388597
1557,2,1.0,68,Suburbs,319777
1226,2,1.5,6,Suburbs,322004
2054,4,2.6,3,Suburbs,495454
3037,5,3.3,23,Rural,402053
1159,2,1.6,71,Downtown,321292
1814,4,3.2,41,Downtown,678441
2647,4,2.7,6,Downtown,922630
1752,3,2.0,42,Downtown,549945
2071,4,3.0,6,Downtown,772767
1162,1,1.0,37,Rural,153061
2056,3,2.2,49,Downtown,651621
1687,3,2.3,74,Rural,197424
2391,3,2.3,71,Rural,251877
2512,5,2.9,36,Downtown,872815
3353,6,4.0,21,Downtown,1145046
2147,3,1.8,42,Downtown,640021
1995,3,2.1,42,Suburbs,426907
1916,3,2.2,3,Rural,291965
1588,2,1.8,55,Downtown,485505
2003,4,2.7,59,Suburbs,476237
1622,3,2.0,54,Rural,215079
1901,3,2.4,30,Suburbs,443762
2590,4,2.9,13,Suburbs,597169
1196,2,1.8,44,Downtown,408369
2483,5,3.6,33,Rural,336205
2590,5,3.2,63,Suburbs,556441
1729,3,1.7,10,Rural,254026
526,1,1.0,2,Downtown,244980
1435,3,2.3,72,Rural,157135
2578,5,3.9,66,Suburbs,547102
1786,2,2.0,24,Suburbs,443165
1200,3,2.4,59,Rural,175114
1497,3,2.4,72,Suburbs,324911
2304,3,1.9,51,Suburbs,453070
2128,3,1.8,2,Suburbs,510065
1656,2,1.7,62,Downtown,494131
1579,3,2.2,73,Downtown,497008
1564,3,2.1,4,Suburbs,383208
1246,2,1.5,54,Rural,157870
2769,4,2.9,56,Downtown,864231
1606,3,2.5,28,Rural,212088
2530,4,3.2,53,Suburbs,563733
2712,4,3.0,42,Suburbs,558991
2398,3,2.4,43,Rural,308097
1541,3,2.3,11,Downtown,604987
2042,4,2.7,36,Rural,259204
1785,3,2.3,3,Rural,243674
1257,3,1.7,33,Suburbs,304573
1994,4,3.1,66,Downtown,664475
1092,2,1.0,50,Rural,133389
2512,4,2.9,73,Downtown,785331
1521,3,1.8,56,Suburbs,365713
1920,4,3.0,55,Downtown,645497
1969,3,2.1,5,Suburbs,437771
1644,3,1.6,58,Downtown,535593
2152,4,2.9,7,Rural,342990
1515,2,1.2,72,Suburbs,293795
2322,3,2.4,24,Rural,279947
992,1,1.0,49,Suburbs,200741
1875,4,2.9,19,Downtown,680430
2963,4,2.5,11,Downtown,1002383
1199,2,1.2,67,Suburbs,209759
1393,3,2.0,38,Suburbs,326320
2108,4,3.1,48,Suburbs,459445
1907,4,3.3,30,Downtown,705659
2010,3,1.9,71,Suburbs,392938
2093,3,2.4,38,Suburbs,464886
2180,4,2.1,4,Rural,306291
2465,4,2.4,42,Suburbs,516239
2045,4,2.5,44,Rural,282285
1655,3,1.7,20,Rural,228282
2203,4,2.3,63,Rural,251244
2939,4,2.9,64,Downtown,948400
1720,3,2.0,3,Rural,259856
1215,3,2.2,43,Suburbs,296173
2464,4,3.0,18,Downtown,889092
1727,2,1.5,37,Downtown,589214
496,1,1.0,15,Downtown,230602
2308,3,2.1,56,Downtown,716194
1478,3,1.7,19,Downtown,525417
1745,2,1.7,61,Downtown,518468
1999,4,2.6,42,Downtown,683586
1914,3,1.8,65,Rural,230372
2225,3,2.0,11,Suburbs,514581
1538,2,1.1,11,Suburbs,368991
2107,3,2.0,13,Rural,287755
1644,2,1.5,7,Rural,202073
2243,3,2.2,32,Downtown,717208
2169,4,2.5,16,Downtown,762778
1238,2,1.3,23,Rural,166741
2451,4,3.1,56,Downtown,816220
1478,2,1.5,54,Suburbs,282226
2284,3,2.7,53,Suburbs,475792
2020,4,3.2,66,Downtown,687317
2902,4,3.1,66,Downtown,889902
1665,2,1.0,2,Downtown,591793
1590,2,1.6,48,Suburbs,330820
1788,2,1.4,58,Downtown,534714
1618,3,1.9,31,Rural,215701
2279,3,2.2,30,Downtown,762312
830,2,1.7,67,Rural,74960
1167,1,1.0,57,Downtown,329657
1159,2,1.1,42,Downtown,390593
2370,4,3.0,74,Suburbs,504326
2826,4,2.6,69,Rural,363250
1737,2,1.5,34,Rural,209958
1698,3,2.0,20,Rural,266408
1842,4,2.7,70,Suburbs,387732
2497,4,3.0,16,Rural,365991
1243,3,1.8,57,Suburbs,297353
1943,4,3.4,26,Downtown,703599
2385,4,2.3,10,Downtown,841056
2100,3,1.9,21,Rural,274876
1913,4,2.9,14,Downtown,733760
2400,5,3.7,67,Downtown,796428
400,1,1.0,72,Rural,36975
2206,3,2.1,50,Downtown,720337
1407,2,1.5,6,Rural,200952
701,2,1.3,20,Rural,136392
2106,3,2.5,35,Downtown,698797
2624,5,3.8,25,Downtown,967098
1717,2,1.7,42,Downtown,532988
2371,3,1.8,57,Downtown,703667
2767,5,3.5,18,Downtown,1005493
2588,4,2.7,59,Suburbs,534518
2783,4,2.5,37,Downtown,930269
2245,3,2.2,34,Suburbs,506554
1845,4,2.6,68,Rural,231380
838,1,1.0,22,Downtown,274646
1652,2,1.1,12,Downtown,564260
1294,3,2.6,43,Downtown,482250
3102,5,3.2,37,Rural,420749
1694,2,1.5,53,Suburbs,375986
1873,3,2.3,59,Suburbs,383702
2130,3,1.9,23,Downtown,729956
1826,3,2.4,46,Downtown,623876
2817,5,3.1,59,Downtown,928523
1426,3,2.5,58,Downtown,496386
1916,3,2.1,11,Rural,227136
1354,2,1.2,62,Downtown,401000
1007,1,1.0,3,Rural,127601
1432,3,2.3,19,Downtown,545354
1777,3,1.9,70,Suburbs,380533
1542,2,1.2,63,Suburbs,307063
1384,2,1.3,34,Downtown,485488
956,2,1.0,72,Downtown,284485
1750,2,1.9,42,Rural,191992
897,2,1.2,25,Downtown,297593
2256,4,3.0,19,Downtown,807710
1849,3,2.2,66,Downtown,570771
925,2,1.1,25,Suburbs,215592
1614,2,1.4,46,Rural,162266
1348,2,1.6,36,Suburbs,290540
1991,3,2.0,30,Rural,255997
2604,4,3.2,58,Suburbs,569540
674,1,1.0,19,Downtown,277030
1869,3,2.4,29,Suburbs,464710
1703,3,2.0,8,Suburbs,399850
2202,4,2.5,6,Rural,328565
1927,4,2.6,61,Rural,248464
1348,3,2.2,8,Suburbs,376267
1608,2,1.6,52,Rural,185059
1322,3,1.4,14,Rural,217745
2445,5,3.5,52,Rural,329803
1812,4,2.8,48,Rural,232988
2940,4,2.7,21,Rural,377727
1763,3,2.5,65,Suburbs,370175
1374,2,1.5,59,Rural,174156
891,2,1.8,34,Downtown,323816
718,1,1.0,20,Suburbs,187965
849,1,1.0,14,Suburbs,226162
1960,4,3.3,26,Suburbs,483108
2105,3,2.5,2,Rural,322240
851,1,1.0,23,Downtown,327935
2337,4,2.7,73,Rural,281963
1510,3,2.0,25,Suburbs,371802
1888,4,2.9,32,Suburbs,461758
2767,4,3.0,67,Suburbs,578801
2338,3,1.8,16,Suburbs,481676
1638,2,1.4,10,Rural,216665
1265,3,1.5,63,Downtown,379120
508,1,1.1,71,Downtown,169281
1368,2,1.2,34,Suburbs,302543
1673,2,1.4,68,Downtown,478590
1207,2,1.3,6,Suburbs,327434
1721,2,1.7,6,Suburbs,414503
1846,3,1.2,45,Downtown,560512
1665,2,1.4,2,Suburbs,394026
1409,3,2.1,69,Downtown,445816
1901,4,2.7,56,Suburbs,392276
2065,4,3.3,9,Downtown,766312
1145,1,1.0,65,Suburbs,207991
2646,4,3.0,59,Downtown,835962
1740,3,2.2,38,Suburbs,366742
1811,3,2.5,43,Suburbs,431381
2224,4,2.6,28,Suburbs,511575
1939,3,1.9,3,Downtown,699042
2371,3,2.4,32,Rural,309378
1972,4,2.9,39,Suburbs,446754
1432,3,1.6,49,Suburbs,328528
2016,4,2.6,65,Downtown,645519
1113,2,1.5,44,Suburbs,235503
1865,4,3.1,46,Suburbs,450962
1780,2,1.2,70,Suburbs,364164
1675,2,1.0,74,Suburbs,322409
1722,2,1.6,72,Rural,210551
670,2,1.0,8,Rural,111162
1470,3,1.5,4,Suburbs,343600
1855,4,2.0,40,Suburbs,454695
1895,4,3.0,60,Suburbs,468179
1183,2,1.4,8,Rural,208650
2559,5,3.4,45,Rural,332340
1280,2,1.8,32,Downtown,429144
2381,3,2.3,15,Downtown,782553
2056,3,2.6,35,Suburbs,428224
1412,2,1.0,10,Suburbs,332986
2865,4,2.8,46,Rural,386839
1083,2,1.0,1,Suburbs,285411
2351,4,2.7,56,Suburbs,511566
2400,5,3.4,72,Rural,332467
1397,3,2.3,39,Rural,188692
2635,5,3.5,32,Rural,397181
1649,3,2.3,60,Rural,248264
1973,3,2.3,34,Downtown,662147
1956,4,3.4,39,Rural,261867
1719,3,2.0,42,Rural,238235
2286,4,2.5,70,Suburbs,467697
2276,4,2.9,61,Suburbs,467169
750,1,1.0,7,Suburbs,234698
2582,4,3.2,28,Downtown,904308
802,2,1.3,21,Rural,132549
2419,4,2.6,71,Rural,265509
2476,4,2.7,66,Downtown,749091
1145,2,1.6,22,Rural,168874
1553,3,2.1,15,Suburbs,378213
1136,2,1.2,29,Downtown,396834
1671,3,2.6,21,Rural,260085
1615,3,1.8,1,Downtown,628915
2267,3,2.1,38,Downtown,756977
2586,5,3.7,52,Rural,320455
2637,5,3.0,48,Suburbs,577325
1462,3,2.2,5,Rural,240118
1674,2,1.1,9,Rural,232784
789,2,1.6,14,Suburbs,263736
1316,3,1.8,24,Rural,201673
2378,4,3.0,25,Rural,358396
2769,4,3.1,56,Rural,352299
1059,2,1.7,74,Downtown,341304
1444,3,2.2,35,Downtown,515899
1784,3,2.0,43,Downtown,592220
1968,3,1.9,53,Rural,259385
1314,3,2.5,9,Suburbs,392876
2054,4,2.6,35,Downtown,728542
1515,3,1.8,37,Suburbs,349487
1791,2,1.6,27,Rural,256511
2127,4,2.6,20,Downtown,714908
1803,4,2.5,20,Rural,232696
1538,3,1.7,24,Suburbs,381713
1734,2,1.3,15,Downtown,586567
1746,2,1.4,67,Downtown,515502
1577,3,2.2,7,Downtown,606374
1644,2,1.7,3,Downtown,605661
2759,4,3.0,66,Suburbs,554170
2136,3,2.0,73,Downtown,644019
1622,3,2.0,5,Rural,258968
2218,4,3.0,16,Downtown,824394
1599,2,1.8,56,Suburbs,369980
2503,4,2.8,47,Downtown,821023
2021,3,2.0,3,Suburbs,487048
1735,3,1.8,61,Suburbs,331594
2068,4,2.4,51,Rural,255722
857,1,1.0,31,Downtown,296529
1123,1,1.0,19,Downtown,411464
1083,1,1.0,24,Downtown,359171
1885,3,2.1,43,Rural,257487
2839,5,3.9,25,Rural,386002
3138,5,3.4,34,Suburbs,691044
2182,4,3.1,9,Suburbs,541930
2100,3,2.1,50,Suburbs,435665
719,1,1.0,14,Rural,105524
1474,2,1.6,9,Rural,174670
1327,2,1.5,33,Rural,171869
1427,2,1.5,10,Suburbs,337184
1699,3,2.1,39,Rural,214955
1516,2,1.4,66,Suburbs,305011
612,1,1.4,39,Suburbs,168873
2248,3,2.5,37,Downtown,741596
1156,2,1.6,42,Downtown,417296
1943,4,2.8,33,Downtown,705347
3044,6,4.0,14,Suburbs,720273
1248,3,2.3,29,Downtown,474877
400,1,1.0,14,Downtown,216316
1628,2,1.3,57,Downtown,498317
2460,4,2.8,5,Rural,368880
2975,5,2.5,60,Suburbs,644074
1062,1,1.0,27,Downtown,349853
2098,3,2.0,3,Rural,286613
1520,3,2.6,62,Rural,210552
1736,3,2.1,32,Rural,255077
3386,6,3.8,15,Downtown,1190233
898,1,1.0,18,Rural,128321
1952,3,1.8,4,Suburbs,439649
2080,4,2.9,58,Rural,248183
2451,4,2.9,25,Rural,333202
1858,4,3.1,43,Rural,264566
1984,4,2.6,53,Rural,236641
1565,2,1.4,20,Suburbs,358403
1961,4,2.4,18,Downtown,725989
1594,3,2.3,62,Suburbs,322266
2172,4,3.0,28,Suburbs,533872
1578,2,1.5,13,Downtown,546838
2026,4,2.8,21,Rural,311352
1782,3,2.2,46,Downtown,581088
2475,5,4.0,53,Downtown,831976
1769,3,2.0,10,Suburbs,420471
736,2,1.4,46,Downtown,273580
2557,5,3.2,27,Rural,340926
1256,3,1.8,70,Suburbs,264121
1407,2,1.4,40,Rural,185964
1442,2,1.7,1,Suburbs,359849
2624,5,3.4,4,Rural,371621
518,1,1.0,29,Downtown,181178
3682,6,4.0,40,Downtown,1219205
2433,5,3.3,30,Downtown,860194
1933,3,2.2,62,Rural,267071
1767,3,1.7,65,Suburbs,342377
1971,4,3.2,9,Suburbs,465785
2112,4,2.6,5,Suburbs,532666
2187,4,3.0,3,Downtown,821041
2133,4,2.4,50,Rural,253417
1853,3,2.3,31,Suburbs,395217
1681,3,2.3,15,Rural,272305
1709,2,1.5,28,Suburbs,403569
1683,3,1.8,35,Downtown,524078
2480,5,3.6,68,Rural,308662
2156,4,2.4,29,Suburbs,530191
400,1,1.0,52,Suburbs,87198
2193,4,3.1,29,Suburbs,506203
1916,4,3.0,62,Suburbs,422795
1788,3,2.1,54,Downtown,554612
1566,3,1.8,74,Suburbs,283783
2474,4,3.0,56,Suburbs,553368
2368,4,2.8,15,Downtown,798673
1336,2,1.0,42,Suburbs,290377
2044,4,3.0,71,Rural,274606
1217,2,1.4,72,Rural,109621
972,1,1.1,23,Suburbs,212662
1423,3,1.8,47,Downtown,509949
2317,4,1.8,5,Downtown,822958
2371,3,2.2,5,Downtown,803363
2107,4,2.9,20,Suburbs,531811
2235,4,2.3,18,Suburbs,545510
2109,4,2.5,59,Rural,271631
1415,2,2.2,51,Downtown,447730
2059,4,2.7,6,Suburbs,503383
2280,4,3.0,34,Suburbs,529330
2252,4,2.6,28,Suburbs,514656
2513,4,2.2,6,Downtown,891302
2224,4,2.7,44,Downtown,715184
2010,3,2.0,45,Rural,221992
2442,5,3.4,57,Downtown,824332
1784,2,1.4,31,Suburbs,373260
1270,3,2.2,48,Rural,164332
1702,3,2.1,49,Downtown,527612
1353,2,1.0,15,Downtown,479089
